1989,Afghanistan,700,145,5411,303,2
1989,Angola,540,260,2873,297,2
1989,Bangladesh,771,20,81,54,3
1989,Cambodia (Kampuchea),811,43,814,16,1
1989,Chad,483,3,50,0,1
1989,China,710,3,2600,2600,1
1989,Colombia,100,53,384,150,2
1989,Comoros,581,2,29,0,1
1989,Djibouti,522,1,6,0,1
1989,DR Congo (Zaire),490,3,28,28,1
1989,El Salvador,92,58,4924,98,1
1989,Ethiopia,530,72,25385,1015,3
1989,Germany,260,2,3,1,1
1989,Guatemala,90,78,491,410,2
1989,Haiti,41,4,48,4,1
1989,India,750,119,1852,252,3
1989,Indonesia,850,5,7,0,1
1989,Iraq,645,2,50,0,1
1989,Israel,666,58,93,80,2
1989,Jamaica,51,1,1,0,1
1989,Kenya,501,3,63,3,2
1989,Kingdom of eSwatini (Swaziland),572,2,2,2,1
1989,Laos,812,1,30,0,1
1989,Lebanon,660,210,1097,109,2
1989,Liberia,450,6,45,18,2
1989,Mauritania,435,15,128,26,2
1989,Mexico,70,2,3,3,1
1989,Morocco,600,6,207,0,1
1989,Mozambique,541,131,1552,412,2
1989,Myanmar (Burma),775,37,1534,30,2
1989,Nicaragua,93,21,526,134,1
1989,Niger,436,1,170,170,1
1989,Pakistan,770,20,114,2,1
1989,Panama,95,3,920,500,1
1989,Papua New Guinea,910,6,14,2,2
1989,Paraguay,150,1,150,0,1
1989,Peru,135,172,1945,144,3
1989,Philippines,840,136,984,129,2
1989,Romania,360,16,448,195,2
1989,Russia (Soviet Union),365,6,160,21,2
1989,Senegal,433,11,121,2,2
1989,Somalia,520,33,1061,688,2
1989,South Africa,560,279,645,107,3
1989,Spain,230,12,17,1,1
1989,Sri Lanka,780,192,1288,490,3
1989,Sudan,625,33,7533,1043,3
1989,Thailand,800,3,6,2,2
1989,Turkey,640,201,538,125,2
1989,Uganda,500,24,1057,58,2
1989,United Kingdom,200,27,41,8,2
1989,Venezuela,101,54,58,58,1
1989,Zambia,551,25,87,87,1
1989,Zimbabwe (Rhodesia),552,3,37,37,1
1990,Afghanistan,700,45,1514,101,2
1990,Algeria,615,1,1,0,1
1990,Angola,540,181,2609,191,2
1990,Bangladesh,771,27,94,48,3
1990,Botswana,571,1,1,1,1
1990,Burundi,516,1,7,0,1
1990,Cambodia (Kampuchea),811,25,377,104,2
1990,Cameroon,471,1,6,6,1
1990,Chad,483,19,686,34,2
1990,China,710,3,22,0,1
1990,Colombia,100,100,712,171,3
1990,Djibouti,522,1,60,0,1
1990,DR Congo (Zaire),490,4,147,147,1
1990,Egypt,651,2,4,4,1
1990,El Salvador,92,46,849,18,1
1990,Ethiopia,530,110,49856,737,2
1990,Germany,260,1,1,0,1
1990,Guatemala,90,110,681,605,2
1990,Haiti,41,2,2,2,1
1990,India,750,333,4801,642,3
1990,Indonesia,850,46,200,132,2
1990,Iran,630,14,31,0,1
1990,Iraq,645,6,117,23,2
1990,Israel,666,37,43,24,2
1990,Ivory Coast,437,2,9,1,2
1990,Kenya,501,1,7,7,1
1990,Kuwait,690,19,1329,271,2
1990,Laos,812,6,255,41,2
1990,Lebanon,660,89,1903,67,2
1990,Liberia,450,138,3729,3388,3
1990,Mali,432,15,582,125,2
1990,Mauritania,435,6,29,29,1
1990,Mexico,70,3,4,4,1
1990,Mozambique,541,44,1759,182,2
1990,Myanmar (Burma),775,32,796,32,3
1990,Nepal,790,9,14,14,1
1990,Netherlands,210,1,2,2,1
1990,Nicaragua,93,6,39,2,1
1990,Niger,436,2,200,200,1
1990,Nigeria,475,2,89,80,2
1990,Pakistan,770,44,386,8,3
1990,Papua New Guinea,910,15,61,8,2
1990,Peru,135,140,1228,142,3
1990,Philippines,840,128,1362,96,2
1990,Russia (Soviet Union),365,28,393,23,2
1990,Rwanda,517,37,2647,1021,2
1990,Senegal,433,14,84,26,2
1990,Somalia,520,52,2700,501,3
1990,South Africa,560,562,1459,256,2
1990,Spain,230,10,19,3,1
1990,Sri Lanka,780,244,4840,1187,3
1990,Sudan,625,63,5335,293,3
1990,Thailand,800,4,20,2,2
1990,Trinidad and Tobago,52,3,39,0,1
1990,Turkey,640,223,630,128,2
1990,Uganda,500,34,809,204,2
1990,United Kingdom,200,32,47,10,2
1990,Venezuela,101,66,64,64,1
1990,Zambia,551,9,40,40,1
1990,Zimbabwe (Rhodesia),552,3,14,14,1
1991,Afghanistan,700,64,3553,49,2
1991,Algeria,615,4,34,1,1
1991,Angola,540,19,516,212,1
1991,Azerbaijan,373,3,35,0,1
1991,Bangladesh,771,36,107,70,3
1991,Burundi,516,21,342,74,2
1991,Cambodia (Kampuchea),811,18,322,136,2
1991,Cameroon,471,1,50,0,1
1991,Central African Republic,482,1,0,0,1
1991,Chad,483,6,95,27,2
1991,Colombia,100,128,872,129,2
1991,Djibouti,522,9,134,59,3
1991,DR Congo (Zaire),490,7,32,32,1
1991,El Salvador,92,10,88,0,1
1991,Ethiopia,530,44,12440,212,3
1991,Georgia,372,6,52,0,1
1991,Ghana,452,2,30,0,1
1991,Guatemala,90,74,426,358,2
1991,Haiti,41,8,270,40,3
1991,India,750,221,3724,560,3
1991,Indonesia,850,38,429,361,2
1991,Iran,630,3,44,0,1
1991,Iraq,645,101,24501,4729,2
1991,Israel,666,37,47,1,3
1991,Ivory Coast,437,1,0,0,1
1991,Kenya,501,2,17,0,1
1991,Kuwait,690,19,460,44,2
1991,Lebanon,660,29,68,8,2
1991,Liberia,450,19,578,272,2
1991,Mali,432,11,247,185,2
1991,Morocco,600,2,19,0,1
1991,Mozambique,541,58,1961,563,3
1991,Myanmar (Burma),775,32,1375,247,3
1991,Nepal,790,1,2,2,1
1991,Niger,436,9,40,0,2
1991,Nigeria,475,4,380,0,1
1991,Pakistan,770,10,62,10,2
1991,Papua New Guinea,910,3,29,11,2
1991,Peru,135,122,1350,179,3
1991,Philippines,840,113,1549,54,2
1991,Russia (Soviet Union),365,56,340,22,3
1991,Rwanda,517,38,1102,932,2
1991,Saudi Arabia,670,4,91,0,1
1991,Senegal,433,7,16,16,1
1991,Serbia (Yugoslavia),345,250,3295,181,3
1991,Sierra Leone,451,128,1225,700,3
1991,Somalia,520,20,8455,950,2
1991,South Africa,560,448,737,119,2
1991,Spain,230,23,45,10,1
1991,Sri Lanka,780,316,6646,254,2
1991,Sudan,625,30,4566,2305,3
1991,Thailand,800,1,2,2,1
1991,Togo,461,4,63,0,2
1991,Turkey,640,158,448,65,2
1991,Uganda,500,21,1018,163,2
1991,United Kingdom,200,32,38,13,2
1991,Venezuela,101,38,30,30,1
1992,Afghanistan,700,76,4385,1695,3
1992,Algeria,615,120,274,5,1
1992,Angola,540,38,2352,32,2
1992,Argentina,160,1,0,0,1
1992,Armenia,371,9,85,44,1
1992,Azerbaijan,373,182,2856,920,2
1992,Bangladesh,771,29,225,205,3
1992,Bosnia-Herzegovina,346,3769,25171,11795,2
1992,Burundi,516,3,61,1,1
1992,Cambodia (Kampuchea),811,17,193,90,2
1992,Cameroon,471,3,25,0,2
1992,Central African Republic,482,1,3,1,1
1992,Chad,483,31,1190,291,2
1992,Colombia,100,103,1500,43,2
1992,Congo,484,1,2,2,1
1992,Croatia,344,33,142,22,1
1992,Djibouti,522,11,129,0,2
1992,DR Congo (Zaire),490,11,67,67,1
1992,Egypt,651,5,13,2,2
1992,El Salvador,92,1,4,0,1
1992,Ethiopia,530,16,1026,0,2
1992,France,220,1,0,0,1
1992,Georgia,372,96,775,30,1
1992,Germany,260,1,4,1,1
1992,Ghana,452,2,63,0,1
1992,Guatemala,90,64,393,326,2
1992,Guinea-Bissau,404,1,2,2,1
1992,India,750,240,4163,666,3
1992,Indonesia,850,14,53,6,2
1992,Iran,630,2,4,4,1
1992,Iraq,645,53,846,177,3
1992,Israel,666,55,72,17,3
1992,Jordan,663,1,1,1,1
1992,Kenya,501,26,159,9,2
1992,Lebanon,660,54,132,44,2
1992,Liberia,450,26,453,410,2
1992,Mali,432,8,86,77,2
1992,Mauritania,435,1,0,0,1
1992,Mexico,70,3,16,1,2
1992,Moldova,359,77,585,24,1
1992,Mozambique,541,34,521,436,2
1992,Myanmar (Burma),775,45,1749,237,2
1992,Nepal,790,1,0,0,1
1992,Niger,436,11,29,1,1
1992,Nigeria,475,12,943,1,2
1992,Pakistan,770,5,72,0,1
1992,Papua New Guinea,910,16,61,30,2
1992,Peru,135,128,1195,199,2
1992,Philippines,840,59,445,24,2
1992,Russia (Soviet Union),365,1,1,1,1
1992,Rwanda,517,32,647,560,2
1992,Senegal,433,16,135,59,2
1992,Serbia (Yugoslavia),345,387,1868,948,3
1992,Sierra Leone,451,64,531,329,3
1992,Solomon Islands,940,1,2,2,1
1992,Somalia,520,18,4729,104,3
1992,South Africa,560,574,761,166,2
1992,Spain,230,15,23,3,1
1992,Sri Lanka,780,180,4444,381,2
1992,Sudan,625,57,4314,3026,3
1992,Tajikistan,702,38,3859,97,3
1992,Tanzania,510,1,1,1,1
1992,Thailand,800,1,0,0,1
1992,Togo,461,2,5,5,1
1992,Turkey,640,341,1926,353,2
1992,Uganda,500,4,76,0,2
1992,United Kingdom,200,30,39,23,2
1992,Venezuela,101,75,223,159,2
1993,Afghanistan,700,115,4105,637,3
1993,Algeria,615,269,826,37,2
1993,Angola,540,220,12398,761,2
1993,Armenia,371,7,37,17,1
1993,Azerbaijan,373,72,1194,56,1
1993,Bangladesh,771,18,43,7,3
1993,Bosnia-Herzegovina,346,2828,13787,2719,3
1993,Brazil,140,5,43,30,2
1993,Burundi,516,454,10218,6420,3
1993,Cambodia (Kampuchea),811,82,484,228,2
1993,Cameroon,471,5,47,0,2
1993,Central African Republic,482,3,4,4,1
1993,Chad,483,15,313,193,2
1993,Colombia,100,47,302,76,3
1993,Congo,484,10,135,83,2
1993,Croatia,344,55,373,58,2
1993,Djibouti,522,12,33,2,2
1993,DR Congo (Zaire),490,20,3337,229,2
1993,Egypt,651,43,108,10,2
1993,Eritrea,531,1,21,0,1
1993,Ethiopia,530,13,133,26,3
1993,Georgia,372,113,1837,204,2
1993,Ghana,452,1,2,0,1
1993,Guatemala,90,51,218,160,2
1993,Haiti,41,3,37,1,1
1993,India,750,331,2326,385,3
1993,Indonesia,850,8,27,2,2
1993,Iran,630,17,153,91,1
1993,Iraq,645,41,368,136,3
1993,Israel,666,61,88,20,2
1993,Italy,325,1,0,0,1
1993,Ivory Coast,437,1,1,1,1
1993,Kenya,501,18,287,1,2
1993,Laos,812,1,3,3,1
1993,Lebanon,660,80,165,37,3
1993,Liberia,450,47,2673,2563,3
1993,Mali,432,1,0,0,1
1993,Mexico,70,3,34,1,1
1993,Mozambique,541,2,2,2,1
1993,Myanmar (Burma),775,12,145,4,2
1993,Nepal,790,3,3,3,1
1993,Niger,436,1,6,0,1
1993,Nigeria,475,8,1185,3,2
1993,Pakistan,770,7,48,0,2
1993,Papua New Guinea,910,14,40,7,2
1993,Peru,135,72,779,119,2
1993,Philippines,840,45,318,23,3
1993,Russia (Soviet Union),365,12,145,4,1
1993,Rwanda,517,42,977,642,2
1993,Senegal,433,30,285,79,2
1993,Sierra Leone,451,68,642,237,3
1993,Somalia,520,20,483,1,2
1993,South Africa,560,576,895,278,2
1993,Spain,230,6,12,1,1
1993,Sri Lanka,780,111,2084,129,2
1993,Sudan,625,78,6042,1671,3
1993,Tajikistan,702,34,1045,143,1
1993,Thailand,800,2,1,1,1
1993,Togo,461,3,48,48,1
1993,Turkey,640,500,2765,594,2
1993,United Kingdom,200,34,47,33,2
1993,Venezuela,101,75,63,63,1
1993,Zambia,551,1,1,1,1
1994,Afghanistan,700,244,9056,120,2
1994,Algeria,615,350,1943,30,3
1994,Angola,540,320,4009,304,2
1994,Argentina,160,1,86,86,1
1994,Armenia,371,1,30,0,1
1994,Azerbaijan,373,58,1489,10,1
1994,Bangladesh,771,6,32,23,3
1994,Bosnia-Herzegovina,346,1862,7312,1241,2
1994,Brazil,140,7,32,5,2
1994,Burundi,516,46,897,745,3
1994,Cambodia (Kampuchea),811,73,572,115,2
1994,Cameroon,471,7,102,55,3
1994,Canada,20,3,3,0,1
1994,Chad,483,17,521,230,2
1994,Colombia,100,70,1211,92,2
1994,Congo,484,8,18,7,2
1994,Djibouti,522,5,39,0,2
1994,DR Congo (Zaire),490,16,332,329,3
1994,Egypt,651,76,162,20,2
1994,Ethiopia,530,5,76,0,1
1994,Ghana,452,9,2004,0,1
1994,Guatemala,90,38,287,251,2
1994,Guinea,438,1,0,0,1
1994,Haiti,41,4,44,32,1
1994,India,750,244,1435,208,3
1994,Indonesia,850,9,12,2,2
1994,Iran,630,2,16,0,1
1994,Iraq,645,38,995,67,3
1994,Israel,666,52,116,58,2
1994,Ivory Coast,437,1,4,4,1
1994,Jamaica,51,1,5,1,1
1994,Kenya,501,13,34,6,2
1994,Lebanon,660,59,144,13,3
1994,Liberia,450,92,4167,3733,2
1994,Mali,432,41,729,596,3
1994,Mexico,70,12,153,6,3
1994,Mozambique,541,2,2,2,1
1994,Myanmar (Burma),775,83,794,93,3
1994,Namibia,565,1,0,0,1
1994,Nepal,790,1,0,0,1
1994,Niger,436,11,50,1,2
1994,Nigeria,475,16,90,56,2
1994,Pakistan,770,38,169,45,2
1994,Papua New Guinea,910,6,26,2,1
1994,Peru,135,35,369,148,2
1994,Philippines,840,40,308,40,3
1994,Russia (Soviet Union),365,31,485,112,3
1994,Rwanda,517,2119,772463,771118,2
1994,Sierra Leone,451,164,2097,1551,3
1994,Somalia,520,37,626,89,2
1994,South Africa,560,263,532,105,2
1994,Spain,230,9,11,3,1
1994,Sri Lanka,780,80,712,33,3
1994,Sudan,625,19,977,478,3
1994,Tajikistan,702,31,366,10,2
1994,Thailand,800,1,1,0,1
1994,Turkey,640,638,4182,344,2
1994,Uganda,500,18,160,37,2
1994,United Kingdom,200,16,16,10,2
1994,Venezuela,101,47,164,37,2
1994,Yemen (North Yemen),678,72,1489,308,1
1995,Afghanistan,700,219,5618,185,3
1995,Algeria,615,394,3059,15,2
1995,Angola,540,76,238,56,2
1995,Armenia,371,5,7,1,1
1995,Azerbaijan,373,10,55,7,1
1995,Bangladesh,771,13,14,1,3
1995,Bosnia-Herzegovina,346,881,17265,14433,2
1995,Brazil,140,8,51,13,2
1995,Burundi,516,126,2828,2285,3
1995,Cambodia (Kampuchea),811,100,723,50,2
1995,Canada,20,9,24,1,1
1995,Chad,483,17,53,49,2
1995,Colombia,100,77,943,131,2
1995,Congo,484,1,2,0,1
1995,Croatia,344,69,963,171,2
1995,Djibouti,522,4,18,1,3
1995,DR Congo (Zaire),490,16,526,61,2
1995,Ecuador,130,4,11,0,1
1995,Egypt,651,118,233,53,3
1995,Ethiopia,530,9,1043,0,2
1995,France,220,1,8,8,1
1995,Georgia,372,3,52,52,1
1995,Ghana,452,8,155,0,1
1995,Guatemala,90,27,122,96,2
1995,Haiti,41,1,1,1,1
1995,India,750,226,1079,147,3
1995,Indonesia,850,21,63,40,2
1995,Iran,630,3,17,0,1
1995,Iraq,645,86,1537,117,3
1995,Israel,666,24,78,23,2
1995,Ivory Coast,437,2,37,5,2
1995,Kenya,501,4,60,4,2
1995,Lebanon,660,72,126,9,2
1995,Liberia,450,52,2290,2282,2
1995,Mali,432,4,4,2,2
1995,Malta,338,1,0,0,1
1995,Mexico,70,5,22,17,3
1995,Mozambique,541,1,1,1,1
1995,Myanmar (Burma),775,89,1496,132,3
1995,Nepal,790,1,0,0,1
1995,Niger,436,7,67,33,2
1995,Nigeria,475,1,1,1,1
1995,Pakistan,770,23,127,28,2
1995,Papua New Guinea,910,11,33,2,2
1995,Peru,135,41,274,10,2
1995,Philippines,840,18,188,37,2
1995,Russia (Soviet Union),365,205,1910,224,2
1995,Rwanda,517,17,4232,4232,1
1995,Senegal,433,39,329,30,2
1995,Serbia (Yugoslavia),345,2,0,0,1
1995,Sierra Leone,451,197,3194,1851,3
1995,Somalia,520,69,444,13,3
1995,South Africa,560,39,143,0,1
1995,Spain,230,10,13,0,1
1995,Sri Lanka,780,252,4971,340,2
1995,Sudan,625,43,1494,366,3
1995,Tajikistan,702,46,368,6,1
1995,Thailand,800,7,12,3,3
1995,Turkey,640,816,3650,138,2
1995,Uganda,500,20,537,285,2
1995,Venezuela,101,45,28,28,1
1995,Zimbabwe (Rhodesia),552,2,4,1,1
1996,Afghanistan,700,234,3595,483,3
1996,Algeria,615,123,1091,9,2
1996,Angola,540,28,32,1,2
1996,Azerbaijan,373,3,5,0,1
1996,Bangladesh,771,23,46,34,3
1996,Brazil,140,3,20,9,2
1996,Burundi,516,188,18184,17449,3
1996,Cambodia (Kampuchea),811,89,846,70,2
1996,Cameroon,471,3,56,2,1
1996,Canada,20,1,2,0,1
1996,Chad,483,3,4,4,1
1996,Colombia,100,150,1401,227,2
1996,Congo,484,2,1,1,1
1996,Djibouti,522,2,0,0,1
1996,DR Congo (Zaire),490,209,34307,32553,3
1996,Egypt,651,75,149,75,2
1996,Eritrea,531,2,14,0,1
1996,Ethiopia,530,5,65,0,2
1996,France,220,1,0,0,1
1996,Gambia,420,1,0,0,1
1996,Guatemala,90,11,20,7,2
1996,Guinea,438,1,27,27,1
1996,India,750,177,1333,314,3
1996,Indonesia,850,18,36,15,2
1996,Iran,630,4,34,11,1
1996,Iraq,645,66,832,111,3
1996,Israel,666,25,132,66,2
1996,Ivory Coast,437,4,35,19,2
1996,Kenya,501,9,170,3,2
1996,Kuwait,690,1,1,1,1
1996,Lebanon,660,58,214,137,3
1996,Liberia,450,31,3077,1112,2
1996,Mexico,70,15,43,4,1
1996,Myanmar (Burma),775,79,591,295,3
1996,Namibia,565,1,2,2,1
1996,Nepal,790,53,77,33,2
1996,Niger,436,3,14,1,1
1996,Nigeria,475,5,87,5,2
1996,Pakistan,770,21,64,17,3
1996,Papua New Guinea,910,26,106,42,2
1996,Peru,135,25,105,14,2
1996,Philippines,840,26,199,22,2
1996,Russia (Soviet Union),365,147,2764,478,2
1996,Rwanda,517,41,876,754,3
1996,Senegal,433,2,5,2,2
1996,Serbia (Yugoslavia),345,3,2,0,1
1996,Sierra Leone,451,100,943,414,3
1996,Somalia,520,92,949,224,2
1996,South Africa,560,37,156,0,1
1996,Spain,230,4,4,0,1
1996,Sri Lanka,780,120,4097,187,2
1996,Sudan,625,54,2735,63,3
1996,Tajikistan,702,66,2797,16,2
1996,Tanzania,510,1,10,0,1
1996,Thailand,800,1,1,0,1
1996,Turkey,640,647,3811,58,2
1996,Uganda,500,120,1798,677,2
1996,United Kingdom,200,2,2,0,1
1996,Venezuela,101,53,33,33,1
1997,Afghanistan,700,199,6721,353,3
1997,Algeria,615,128,2008,361,3
1997,Angola,540,35,105,54,2
1997,Azerbaijan,373,3,29,0,1
1997,Bangladesh,771,11,16,3,3
1997,Bhutan,760,1,4,0,1
1997,Brazil,140,14,41,6,2
1997,Burundi,516,200,4395,2338,3
1997,Cambodia (Kampuchea),811,50,444,34,2
1997,Canada,20,1,2,0,1
1997,Chad,483,8,134,37,2
1997,China,710,2,4,4,1
1997,Colombia,100,181,891,311,3
1997,Comoros,581,2,56,0,1
1997,Congo,484,57,10412,503,2
1997,Djibouti,522,1,11,0,1
1997,DR Congo (Zaire),490,137,13897,9586,3
1997,Egypt,651,34,143,81,2
1997,Eritrea,531,9,31,0,1
1997,Ethiopia,530,4,12,0,2
1997,Georgia,372,5,26,0,1
1997,Guatemala,90,1,2,2,1
1997,India,750,277,1448,364,3
1997,Indonesia,850,37,441,29,3
1997,Iran,630,13,37,0,1
1997,Iraq,645,71,1628,0,3
1997,Israel,666,5,25,24,2
1997,Kenya,501,11,212,14,2
1997,Laos,812,1,2,2,1
1997,Lebanon,660,63,105,15,3
1997,Liberia,450,3,13,13,1
1997,Mali,432,1,22,0,1
1997,Mexico,70,6,58,48,2
1997,Myanmar (Burma),775,88,788,466,2
1997,Nepal,790,37,48,8,2
1997,Niger,436,8,81,1,2
1997,Nigeria,475,20,595,4,2
1997,Pakistan,770,29,123,45,3
1997,Papua New Guinea,910,4,12,1,1
1997,Peru,135,19,116,9,2
1997,Philippines,840,40,322,41,2
1997,Russia (Soviet Union),365,5,13,2,2
1997,Rwanda,517,131,7201,6307,3
1997,Senegal,433,32,366,66,2
1997,Serbia (Yugoslavia),345,5,9,0,2
1997,Sierra Leone,451,137,1233,616,2
1997,Somalia,520,27,277,9,1
1997,South Africa,560,20,30,0,1
1997,Spain,230,11,12,0,1
1997,Sri Lanka,780,135,2902,54,2
1997,Sudan,625,90,4872,369,3
1997,Tajikistan,702,10,97,0,1
1997,Tanzania,510,1,3,3,1
1997,Thailand,800,3,7,6,2
1997,Turkey,640,498,2600,44,2
1997,Uganda,500,77,1354,629,2
1997,United Kingdom,200,4,5,2,2
1997,Venezuela,101,5,33,3,2
1998,Afghanistan,700,217,12174,6349,3
1998,Algeria,615,383,3284,123,3
1998,Angola,540,110,1191,214,2
1998,Azerbaijan,373,4,34,0,1
1998,Bangladesh,771,11,21,7,2
1998,Bolivia,145,1,2,0,1
1998,Brazil,140,6,16,2,2
1998,Burundi,516,122,1797,997,2
1998,Cambodia (Kampuchea),811,35,274,69,2
1998,Cameroon,471,4,52,0,2
1998,Canada,20,9,27,0,1
1998,Chad,483,9,198,167,2
1998,Colombia,100,145,1646,556,3
1998,Comoros,581,3,40,3,1
1998,Congo,484,54,3763,498,2
1998,Djibouti,522,2,16,1,1
1998,DR Congo (Zaire),490,118,7717,4417,3
1998,Egypt,651,10,29,5,2
1998,Eritrea,531,3,792,1,1
1998,Ethiopia,530,21,1027,9,3
1998,Georgia,372,3,38,20,1
1998,Guatemala,90,1,1,1,1
1998,Guinea,438,3,12,12,1
1998,Guinea-Bissau,404,16,505,111,1
1998,India,750,386,1623,621,3
1998,Indonesia,850,30,141,98,2
1998,Iran,630,5,13,1,1
1998,Iraq,645,17,96,43,3
1998,Israel,666,4,6,1,2
1998,Ivory Coast,437,1,0,0,1
1998,Kenya,501,15,322,1,1
1998,Lebanon,660,51,85,8,3
1998,Lesotho,570,5,78,41,1
1998,Liberia,450,1,13,13,1
1998,Mexico,70,5,7,1,2
1998,Myanmar (Burma),775,125,581,432,3
1998,Nepal,790,218,357,107,2
1998,Niger,436,2,147,147,1
1998,Nigeria,475,31,357,42,2
1998,Pakistan,770,39,121,70,3
1998,Papua New Guinea,910,2,40,0,1
1998,Peru,135,9,33,8,2
1998,Philippines,840,23,138,18,3
1998,Russia (Soviet Union),365,3,7,0,2
1998,Rwanda,517,67,1774,690,2
1998,Senegal,433,31,343,107,3
1998,Serbia (Yugoslavia),345,221,1446,286,2
1998,Sierra Leone,451,360,5155,1872,2
1998,Somalia,520,18,330,19,1
1998,South Africa,560,23,44,0,1
1998,Spain,230,6,7,1,1
1998,Sri Lanka,780,179,3830,117,2
1998,Sudan,625,126,5958,1544,3
1998,Tajikistan,702,19,600,20,1
1998,Thailand,800,4,12,0,1
1998,Togo,461,4,9,9,1
1998,Turkey,640,328,2058,30,2
1998,Uganda,500,121,1214,355,3
1998,United Kingdom,200,3,31,31,2
1998,Venezuela,101,14,10,10,1
1998,Zimbabwe (Rhodesia),552,1,1,1,1
1999,Afghanistan,700,189,5065,583,2
1999,Albania,339,10,26,2,1
1999,Algeria,615,226,1168,143,3
1999,Angola,540,245,2666,465,2
1999,Azerbaijan,373,6,18,0,1
1999,Bangladesh,771,19,14,1,2
1999,Brazil,140,31,86,40,2
1999,Burundi,516,200,1852,1227,3
1999,Cambodia (Kampuchea),811,1,0,0,1
1999,Canada,20,3,11,0,1
1999,Central African Republic,482,1,5,5,1
1999,Chad,483,12,394,0,3
1999,China,710,3,0,0,1
1999,Colombia,100,394,2638,985,3
1999,Congo,484,48,948,439,2
1999,Djibouti,522,8,25,3,1
1999,DR Congo (Zaire),490,168,7849,3759,3
1999,Egypt,651,2,4,0,1
1999,Eritrea,531,13,17203,137,1
1999,Ethiopia,530,42,30786,16,3
1999,Guinea,438,2,13,13,1
1999,Guinea-Bissau,404,3,199,0,1
1999,Haiti,41,2,11,0,1
1999,Honduras,91,1,9,0,1
1999,India,750,544,2563,505,3
1999,Indonesia,850,338,2421,933,3
1999,Iran,630,6,19,0,1
1999,Iraq,645,18,308,38,2
1999,Israel,666,2,2,0,2
1999,Ivory Coast,437,2,0,0,1
1999,Kenya,501,8,229,0,2
1999,Kyrgyzstan,703,2,14,3,1
1999,Laos,812,1,2,2,1
1999,Lebanon,660,41,74,11,2
1999,Liberia,450,3,70,70,1
1999,Mali,432,4,59,0,1
1999,Myanmar (Burma),775,129,369,315,3
1999,Namibia,565,1,1,0,1
1999,Nepal,790,244,295,139,2
1999,Nigeria,475,39,3519,2505,2
1999,North Macedonia,343,1,6,6,1
1999,Pakistan,770,12,57,51,2
1999,Papua New Guinea,910,2,60,0,1
1999,Peru,135,16,89,20,2
1999,Philippines,840,48,219,18,3
1999,Russia (Soviet Union),365,68,6197,1238,2
1999,Rwanda,517,1,29,0,1
1999,Senegal,433,9,31,14,2
1999,Serbia (Yugoslavia),345,335,2153,1286,2
1999,Sierra Leone,451,199,4493,1527,2
1999,Somalia,520,42,542,76,3
1999,South Africa,560,11,19,0,1
1999,Sri Lanka,780,184,1948,70,3
1999,Sudan,625,64,2067,129,3
1999,Tajikistan,702,3,4,0,1
1999,Tanzania,510,1,0,0,1
1999,Thailand,800,1,1,1,1
1999,Turkey,640,267,1155,50,2
1999,Uganda,500,89,1024,285,3
1999,Uzbekistan,704,6,50,5,1
1999,Venezuela,101,41,26,26,1
1999,Zimbabwe (Rhodesia),552,1,1,1,1
2000,Afghanistan,700,207,5394,639,3
2000,Algeria,615,252,1193,246,2
2000,Angola,540,130,1209,258,2
2000,Azerbaijan,373,7,13,0,1
2000,Bangladesh,771,8,105,4,3
2000,Bolivia,145,9,50,0,1
2000,Brazil,140,27,64,19,2
2000,Burundi,516,250,2442,935,3
2000,Cambodia (Kampuchea),811,4,4,4,1
2000,Cameroon,471,4,2,2,1
2000,Canada,20,8,23,0,1
2000,Central African Republic,482,1,6,0,1
2000,Chad,483,14,1070,5,3
2000,Colombia,100,1334,4388,2216,3
2000,DR Congo (Zaire),490,115,3055,704,3
2000,Egypt,651,4,5,0,2
2000,Eritrea,531,10,1793,1,2
2000,Ethiopia,530,77,48666,0,3
2000,Ghana,452,1,30,0,1
2000,Guatemala,90,1,0,0,1
2000,Guinea,438,26,256,124,3
2000,Guinea-Bissau,404,2,0,0,1
2000,Honduras,91,1,6,0,1
2000,India,750,1534,4103,1175,3
2000,Indonesia,850,157,917,135,3
2000,Iran,630,21,41,1,2
2000,Iraq,645,11,193,8,3
2000,Israel,666,60,109,14,2
2000,Ivory Coast,437,6,132,101,2
2000,Kenya,501,18,261,11,2
2000,Kyrgyzstan,703,17,174,0,1
2000,Laos,812,2,7,2,2
2000,Lebanon,660,33,59,7,3
2000,Liberia,450,5,101,44,2
2000,Myanmar (Burma),775,173,748,465,3
2000,Namibia,565,15,60,6,2
2000,Nepal,790,186,365,105,2
2000,Nigeria,475,30,2104,42,2
2000,North Macedonia,343,1,3,0,1
2000,Pakistan,770,27,59,56,1
2000,Papua New Guinea,910,2,13,3,1
2000,Peru,135,4,5,0,1
2000,Philippines,840,171,1761,216,2
2000,Russia (Soviet Union),365,176,4333,1429,2
2000,Senegal,433,23,56,20,2
2000,Sierra Leone,451,59,856,546,2
2000,Somalia,520,27,185,6,2
2000,South Africa,560,1,0,0,1
2000,Spain,230,15,20,2,1
2000,Sri Lanka,780,177,2569,69,2
2000,Sudan,625,71,3537,369,3
2000,Tajikistan,702,2,46,0,1
2000,Thailand,800,1,8,0,1
2000,Turkey,640,33,153,0,1
2000,Uganda,500,116,1238,181,3
2000,United Kingdom,200,1,1,1,1
2000,Uzbekistan,704,16,297,0,1
2000,Venezuela,101,40,27,27,1
2000,Yemen (North Yemen),678,1,19,0,1
2000,Zambia,551,1,1,1,1
2001,Afghanistan,700,263,5553,915,2
2001,Algeria,615,80,674,32,2
2001,Angola,540,124,2158,1042,2
2001,Azerbaijan,373,5,6,0,1
2001,Bangladesh,771,29,72,16,2
2001,Brazil,140,14,81,7,2
2001,Burundi,516,188,1634,650,2
2001,Cameroon,471,2,0,0,1
2001,Canada,20,1,1,0,1
2001,Central African Republic,482,21,216,23,2
2001,Chad,483,6,230,4,2
2001,Colombia,100,1365,4611,2154,3
2001,Congo,484,1,3,2,1
2001,DR Congo (Zaire),490,66,1490,558,3
2001,Ecuador,130,1,2,0,1
2001,Ethiopia,530,52,388,0,3
2001,Ghana,452,1,50,0,1
2001,Guatemala,90,1,5,0,1
2001,Guinea,438,4,430,0,1
2001,India,750,555,1931,547,3
2001,Indonesia,850,107,884,75,3
2001,Iran,630,14,112,0,1
2001,Iraq,645,14,56,0,2
2001,Israel,666,179,356,117,2
2001,Ivory Coast,437,2,2,0,1
2001,Jamaica,51,20,116,0,1
2001,Kenya,501,18,192,32,3
2001,Lebanon,660,3,4,0,1
2001,Liberia,450,28,481,149,2
2001,Myanmar (Burma),775,93,387,115,3
2001,Nepal,790,229,569,140,2
2001,Nigeria,475,41,2437,386,2
2001,North Macedonia,343,53,72,11,1
2001,Pakistan,770,9,42,16,2
2001,Papua New Guinea,910,6,65,4,2
2001,Peru,135,3,21,0,1
2001,Philippines,840,144,1053,79,2
2001,Russia (Soviet Union),365,159,992,219,2
2001,Rwanda,517,22,2044,1,1
2001,Senegal,433,12,47,21,2
2001,Serbia (Yugoslavia),345,1,0,0,1
2001,Sierra Leone,451,19,73,23,2
2001,Somalia,520,31,483,90,3
2001,Spain,230,12,13,0,1
2001,Sri Lanka,780,136,1162,45,2
2001,Sudan,625,74,3719,213,3
2001,Tanzania,510,7,37,37,1
2001,Thailand,800,3,25,0,1
2001,Turkey,640,33,120,2,1
2001,Uganda,500,55,212,67,3
2001,United Kingdom,200,1,1,1,1
2001,United States of America,2,3,2986,2862,2
2001,Venezuela,101,50,27,27,1
2001,Zambia,551,2,7,7,1
2001,Zimbabwe (Rhodesia),552,1,0,0,1
2002,Afghanistan,700,94,1157,171,3
2002,Algeria,615,225,1058,529,2
2002,Angola,540,69,579,97,2
2002,Bangladesh,771,5,7,0,2
2002,Brazil,140,21,65,11,2
2002,Burundi,516,239,1990,891,2
2002,Central African Republic,482,14,152,43,2
2002,Chad,483,9,297,3,2
2002,Colombia,100,1908,6012,2089,3
2002,Congo,484,24,234,49,2
2002,DR Congo (Zaire),490,136,7945,4617,3
2002,Ethiopia,530,124,809,35,3
2002,Georgia,372,2,0,0,1
2002,Ghana,452,1,36,0,1
2002,Guatemala,90,2,2,2,1
2002,Honduras,91,1,1,0,1
2002,India,750,1083,3031,1093,3
2002,Indonesia,850,265,762,286,3
2002,Iraq,645,6,111,0,2
2002,Israel,666,377,892,353,3
2002,Ivory Coast,437,48,1063,429,3
2002,Jamaica,51,7,22,0,1
2002,Kenya,501,5,45,13,2
2002,Laos,812,2,4,4,1
2002,Lebanon,660,1,0,0,1
2002,Liberia,450,43,2259,1812,2
2002,Madagascar (Malagasy),580,32,79,8,1
2002,Mali,432,1,5,0,1
2002,Mexico,70,3,27,0,2
2002,Myanmar (Burma),775,100,543,269,2
2002,Namibia,565,1,0,0,1
2002,Nepal,790,1531,4432,519,2
2002,Nigeria,475,45,629,119,2
2002,Pakistan,770,70,170,148,2
2002,Papua New Guinea,910,3,7,0,1
2002,Peru,135,6,13,1,2
2002,Philippines,840,211,763,110,3
2002,Russia (Soviet Union),365,388,1508,364,2
2002,Senegal,433,15,45,36,2
2002,Sierra Leone,451,1,1,1,1
2002,Somalia,520,61,638,32,2
2002,South Africa,560,3,2,2,1
2002,Spain,230,4,5,2,1
2002,Sri Lanka,780,5,17,4,3
2002,Sudan,625,54,3207,760,3
2002,Thailand,800,1,23,0,1
2002,Tunisia,616,1,21,20,1
2002,Turkey,640,21,34,1,1
2002,Uganda,500,164,1316,639,3
2002,United Kingdom,200,4,3,3,1
2002,Venezuela,101,30,27,20,2
2002,Yemen (North Yemen),678,1,2,1,1
2003,Afghanistan,700,186,944,67,3
2003,Algeria,615,209,714,58,2
2003,Angola,540,37,84,59,2
2003,Bangladesh,771,15,8,0,3
2003,Brazil,140,12,51,14,2
2003,Burundi,516,208,1283,509,3
2003,Cambodia (Kampuchea),811,1,1,1,1
2003,Central African Republic,482,5,19,6,2
2003,Chad,483,4,37,0,1
2003,Colombia,100,2264,4678,2401,3
2003,Congo,484,6,33,17,2
2003,DR Congo (Zaire),490,82,4324,3077,2
2003,Ecuador,130,1,26,0,1
2003,Eritrea,531,9,57,0,1
2003,Ethiopia,530,69,1093,511,3
2003,Honduras,91,7,40,11,2
2003,India,750,919,2442,754,3
2003,Indonesia,850,227,1069,220,2
2003,Iran,630,1,2,0,1
2003,Iraq,645,106,8021,470,3
2003,Israel,666,152,468,236,2
2003,Ivory Coast,437,40,493,322,3
2003,Kenya,501,2,7,0,1
2003,Laos,812,3,5,5,1
2003,Lebanon,660,1,1,0,1
2003,Liberia,450,53,3281,1960,2
2003,Morocco,600,2,34,34,1
2003,Myanmar (Burma),775,65,272,211,3
2003,Nepal,790,885,1732,405,2
2003,Nigeria,475,63,449,134,3
2003,Pakistan,770,79,242,195,2
2003,Peru,135,4,13,2,1
2003,Philippines,840,152,1134,137,2
2003,Russia (Soviet Union),365,73,548,93,2
2003,Saudi Arabia,670,2,26,26,1
2003,Senegal,433,5,39,0,1
2003,Somalia,520,49,405,35,2
2003,Spain,230,2,3,0,1
2003,Sri Lanka,780,23,33,1,3
2003,Sudan,625,103,5010,1869,3
2003,Thailand,800,16,26,1,1
2003,Turkey,640,43,150,59,2
2003,Uganda,500,194,1628,696,3
2003,United Kingdom,200,2,1,1,1
2003,Venezuela,101,40,25,25,1
2003,Yemen (North Yemen),678,1,6,0,1
2003,Zimbabwe (Rhodesia),552,1,0,0,1
2004,Afghanistan,700,241,817,77,3
2004,Algeria,615,219,500,95,2
2004,Angola,540,19,38,13,2
2004,Azerbaijan,373,3,8,3,1
2004,Bangladesh,771,38,75,49,3
2004,Bhutan,760,1,0,0,1
2004,Brazil,140,12,86,6,1
2004,Burundi,516,89,734,263,3
2004,Cameroon,471,1,0,0,1
2004,Central African Republic,482,3,23,23,1
2004,Chad,483,10,80,30,2
2004,Colombia,100,1745,3380,1763,3
2004,DR Congo (Zaire),490,31,782,735,2
2004,Egypt,651,3,35,34,2
2004,El Salvador,92,1,34,0,1
2004,Ethiopia,530,126,475,244,3
2004,Gambia,420,1,1,1,1
2004,Georgia,372,13,27,3,1
2004,Guatemala,90,2,1,1,1
2004,Haiti,41,22,231,17,2
2004,Honduras,91,4,30,28,2
2004,India,750,997,2527,880,3
2004,Indonesia,850,359,1082,106,3
2004,Iraq,645,344,4366,330,3
2004,Israel,666,269,522,116,2
2004,Ivory Coast,437,28,304,68,3
2004,Kenya,501,4,20,0,1
2004,Laos,812,3,4,4,1
2004,Mali,432,2,20,0,1
2004,Mexico,70,31,220,2,2
2004,Mozambique,541,1,1,0,1
2004,Myanmar (Burma),775,84,177,119,2
2004,Nepal,790,1360,2456,577,2
2004,Niger,436,1,4,0,1
2004,Nigeria,475,87,2136,61,3
2004,Pakistan,770,62,430,92,2
2004,Peru,135,2,3,0,1
2004,Philippines,840,136,471,140,2
2004,Qatar,694,1,0,0,1
2004,Russia (Soviet Union),365,253,1317,519,2
2004,Rwanda,517,1,16,0,1
2004,Saudi Arabia,670,41,91,36,2
2004,Senegal,433,1,3,0,1
2004,Somalia,520,52,670,22,2
2004,South Africa,560,4,0,0,1
2004,Spain,230,1,191,191,1
2004,Sri Lanka,780,36,84,9,3
2004,Sudan,625,224,9712,6072,3
2004,Syria,652,3,8,7,2
2004,Thailand,800,126,310,149,2
2004,Turkey,640,124,221,13,2
2004,Uganda,500,251,2004,813,3
2004,United Kingdom,200,1,1,1,1
2004,Uzbekistan,704,8,37,2,1
2004,Venezuela,101,50,31,31,1
2004,Yemen (North Yemen),678,2,29,0,1
2005,Afghanistan,700,430,1711,200,2
2005,Algeria,615,72,232,26,2
2005,Angola,540,13,15,7,2
2005,Armenia,371,1,1,0,1
2005,Azerbaijan,373,22,24,0,1
2005,Bangladesh,771,66,80,16,3
2005,Brazil,140,18,60,39,2
2005,Burundi,516,120,485,210,3
2005,Cameroon,471,3,0,0,2
2005,Central African Republic,482,6,8,8,1
2005,Chad,483,8,267,167,2
2005,China,710,2,12,12,1
2005,Colombia,100,1291,2888,1185,3
2005,Congo,484,5,15,6,2
2005,DR Congo (Zaire),490,25,305,271,2
2005,Ecuador,130,1,3,3,1
2005,Egypt,651,4,124,88,1
2005,Ethiopia,530,90,290,58,3
2005,Gambia,420,2,8,8,1
2005,Guatemala,90,5,58,2,2
2005,Guinea,438,1,3,3,1
2005,Haiti,41,7,40,39,1
2005,India,750,910,2015,594,3
2005,Indonesia,850,33,242,32,2
2005,Iran,630,15,54,26,2
2005,Iraq,645,505,3521,1077,3
2005,Israel,666,117,214,80,2
2005,Ivory Coast,437,21,153,9,2
2005,Jordan,663,1,59,59,1
2005,Kenya,501,29,215,7,2
2005,Lebanon,660,3,3,0,1
2005,Mali,432,1,12,0,1
2005,Mexico,70,12,204,0,1
2005,Mozambique,541,2,13,1,2
2005,Myanmar (Burma),775,81,449,204,3
2005,Nepal,790,649,1399,325,2
2005,Nigeria,475,22,233,9,2
2005,Pakistan,770,48,168,27,2
2005,Peru,135,1,0,0,1
2005,Philippines,840,124,487,30,2
2005,Russia (Soviet Union),365,247,688,50,2
2005,Saudi Arabia,670,17,31,0,1
2005,Senegal,433,2,46,45,2
2005,Somalia,520,26,340,20,1
2005,Sri Lanka,780,83,130,12,3
2005,Sudan,625,87,1505,655,3
2005,Tajikistan,702,1,1,0,1
2005,Thailand,800,434,494,295,2
2005,Togo,461,93,436,436,1
2005,Turkey,640,114,295,7,1
2005,Uganda,500,221,922,279,3
2005,United Kingdom,200,2,53,53,1
2005,Venezuela,101,32,30,30,1
2006,Afghanistan,700,848,4982,477,3
2006,Algeria,615,91,292,46,2
2006,Angola,540,12,3,0,2
2006,Armenia,371,2,2,0,1
2006,Azerbaijan,373,8,5,0,1
2006,Bangladesh,771,74,96,5,3
2006,Brazil,140,4,23,5,1
2006,Burundi,516,55,251,116,2
2006,Central African Republic,482,42,190,143,2
2006,Chad,483,62,1956,570,3
2006,Colombia,100,364,945,454,3
2006,DR Congo (Zaire),490,80,390,211,3
2006,Ecuador,130,1,2,2,1
2006,Egypt,651,2,2,0,1
2006,Ethiopia,530,102,430,20,3
2006,Guinea,438,6,15,15,1
2006,India,750,932,2155,701,3
2006,Indonesia,850,3,13,3,2
2006,Iran,630,21,61,9,2
2006,Iraq,645,534,4598,760,3
2006,Israel,666,271,557,159,3
2006,Ivory Coast,437,7,11,8,2
2006,Kenya,501,22,219,24,2
2006,Kyrgyzstan,703,3,6,0,1
2006,Laos,812,4,73,73,1
2006,Lebanon,660,246,1194,746,2
2006,Mexico,70,40,670,2,2
2006,Myanmar (Burma),775,113,452,198,3
2006,Nepal,790,215,566,131,2
2006,Nigeria,475,23,231,19,2
2006,Pakistan,770,46,427,29,2
2006,Peru,135,3,11,5,2
2006,Philippines,840,131,434,23,3
2006,Russia (Soviet Union),365,152,260,11,2
2006,Saudi Arabia,670,3,11,2,1
2006,Senegal,433,4,126,1,2
2006,Somalia,520,79,1204,114,3
2006,Sri Lanka,780,229,2173,363,3
2006,Sudan,625,109,2187,764,3
2006,Tajikistan,702,4,8,0,1
2006,Thailand,800,445,541,345,2
2006,Turkey,640,92,226,7,1
2006,Uganda,500,98,334,63,3
2006,United Kingdom,200,1,0,0,1
2006,Venezuela,101,21,22,22,1
2007,Afghanistan,700,1044,7037,674,3
2007,Algeria,615,128,495,31,2
2007,Angola,540,22,26,1,2
2007,Azerbaijan,373,11,12,0,1
2007,Bangladesh,771,13,18,0,1
2007,Brazil,140,9,40,6,2
2007,Burundi,516,25,79,23,3
2007,Cambodia (Kampuchea),811,1,2,2,1
2007,Central African Republic,482,23,143,131,3
2007,Chad,483,19,431,220,3
2007,China,710,1,0,0,1
2007,Colombia,100,319,683,372,2
2007,Congo,484,1,2,0,1
2007,DR Congo (Zaire),490,112,879,258,3
2007,Ecuador,130,1,2,2,1
2007,Ethiopia,530,145,500,241,3
2007,France,220,1,2,0,1
2007,Guatemala,90,2,6,6,1
2007,Guinea,438,21,45,45,1
2007,India,750,727,1775,601,3
2007,Indonesia,850,1,2,2,1
2007,Iran,630,21,86,1,1
2007,Iraq,645,451,4489,1751,3
2007,Israel,666,239,538,59,3
2007,Ivory Coast,437,3,3,3,1
2007,Kenya,501,52,200,134,3
2007,Mali,432,8,39,12,1
2007,Mauritania,435,1,4,4,1
2007,Mexico,70,1409,1946,8,2
2007,Myanmar (Burma),775,177,704,315,3
2007,Nepal,790,20,31,1,2
2007,Niger,436,22,98,22,2
2007,Nigeria,475,22,157,5,2
2007,Pakistan,770,211,1380,182,3
2007,Peru,135,9,32,1,1
2007,Philippines,840,103,483,50,2
2007,Russia (Soviet Union),365,145,182,4,2
2007,Saudi Arabia,670,2,2,0,2
2007,Somalia,520,294,1620,466,3
2007,Sri Lanka,780,488,2564,104,3
2007,Sudan,625,71,1180,203,3
2007,Tanzania,510,1,3,3,1
2007,Thailand,800,367,518,327,2
2007,Turkey,640,137,502,13,2
2007,Uganda,500,21,156,20,3
2007,Venezuela,101,25,17,15,2
2007,Zimbabwe (Rhodesia),552,2,0,0,1
2008,Afghanistan,700,1115,5661,763,2
2008,Algeria,615,111,345,58,2
2008,Angola,540,9,4,1,1
2008,Azerbaijan,373,7,30,0,1
2008,Bangladesh,771,11,13,3,2
2008,Brazil,140,5,20,10,2
2008,Burundi,516,48,257,40,2
2008,Cambodia (Kampuchea),811,1,2,0,1
2008,Cameroon,471,1,0,0,1
2008,Central African Republic,482,5,8,8,1
2008,Chad,483,15,994,4,2
2008,China,710,16,87,51,2
2008,Colombia,100,336,643,424,2
2008,Congo,484,1,1,0,1
2008,Djibouti,522,2,35,0,1
2008,DR Congo (Zaire),490,105,1740,927,3
2008,Ecuador,130,3,53,7,2
2008,Egypt,651,2,2,0,1
2008,Eritrea,531,1,0,0,1
2008,Ethiopia,530,83,311,1,3
2008,Georgia,372,12,621,200,1
2008,Ghana,452,10,55,9,1
2008,Guatemala,90,5,41,0,1
2008,Guyana,110,3,29,20,1
2008,India,750,680,1863,680,3
2008,Indonesia,850,3,6,5,2
2008,Iran,630,20,118,1,2
2008,Iraq,645,403,2765,629,2
2008,Israel,666,156,738,129,3
2008,Ivory Coast,437,4,4,4,1
2008,Kenya,501,117,783,299,2
2008,Lebanon,660,5,38,0,1
2008,Libya,620,1,6,0,1
2008,Mali,432,10,113,11,2
2008,Mauritania,435,1,12,0,1
2008,Mexico,70,384,3743,8,2
2008,Myanmar (Burma),775,65,102,55,3
2008,Nepal,790,9,0,0,1
2008,Niger,436,13,68,10,3
2008,Nigeria,475,31,432,147,2
2008,Pakistan,770,664,4621,600,3
2008,Peru,135,13,40,0,1
2008,Philippines,840,182,566,116,2
2008,Russia (Soviet Union),365,192,410,20,2
2008,Senegal,433,3,11,2,1
2008,Somalia,520,288,1751,630,3
2008,Spain,230,2,2,0,1
2008,Sri Lanka,780,1016,8453,249,3
2008,Sudan,625,98,1241,485,3
2008,Syria,652,1,1,0,1
2008,Thailand,800,224,328,181,2
2008,Turkey,640,129,491,27,2
2008,Uganda,500,8,32,1,2
2008,Venezuela,101,44,27,27,1
2008,Yemen (North Yemen),678,2,21,7,1
2008,Zimbabwe (Rhodesia),552,40,253,253,1
2009,Afghanistan,700,1514,6499,1099,2
2009,Algeria,615,191,541,48,2
2009,Angola,540,9,25,0,1
2009,Azerbaijan,373,6,7,0,1
2009,Bangladesh,771,9,10,2,3
2009,Brazil,140,3,40,5,1
2009,Burundi,516,3,0,0,1
2009,Cambodia (Kampuchea),811,1,2,0,1
2009,Cameroon,471,1,0,0,1
2009,Central African Republic,482,61,244,158,2
2009,Chad,483,12,135,10,1
2009,China,710,5,189,11,2
2009,Colombia,100,137,501,123,2
2009,DR Congo (Zaire),490,551,5308,3289,3
2009,Egypt,651,2,1,0,1
2009,El Salvador,92,2,5,5,1
2009,Ethiopia,530,87,590,7,2
2009,Ghana,452,2,8,0,1
2009,Guatemala,90,1,1,0,1
2009,Guinea,438,3,160,160,1
2009,India,750,843,1621,411,3
2009,Iran,630,32,208,75,2
2009,Iraq,645,355,1720,707,2
2009,Israel,666,153,751,305,3
2009,Ivory Coast,437,1,1,1,1
2009,Kenya,501,25,170,40,2
2009,Madagascar (Malagasy),580,7,113,31,2
2009,Mali,432,9,127,1,2
2009,Mauritania,435,1,1,1,1
2009,Mexico,70,605,5607,38,2
2009,Myanmar (Burma),775,35,225,20,2
2009,Nepal,790,2,9,0,1
2009,Nigeria,475,41,533,18,3
2009,Pakistan,770,884,7512,451,3
2009,Panama,95,1,1,1,1
2009,Peru,135,13,54,6,2
2009,Philippines,840,155,1048,101,3
2009,Russia (Soviet Union),365,315,698,24,2
2009,Rwanda,517,1,2,2,1
2009,Senegal,433,11,19,9,2
2009,Somalia,520,255,2204,616,3
2009,Spain,230,2,3,0,1
2009,Sri Lanka,780,387,10418,6830,3
2009,Sudan,625,125,2689,412,3
2009,Tajikistan,702,7,17,0,1
2009,Thailand,800,169,258,126,2
2009,Turkey,640,47,138,9,1
2009,Uganda,500,6,59,20,2
2009,United Kingdom,200,2,2,0,2
2009,Uzbekistan,704,2,16,0,1
2009,Venezuela,101,49,27,27,1
2009,Yemen (North Yemen),678,5,94,41,1
2009,Zimbabwe (Rhodesia),552,1,0,0,1
2010,Afghanistan,700,1806,7151,1171,3
2010,Algeria,615,92,252,26,2
2010,Angola,540,4,10,6,2
2010,Azerbaijan,373,14,20,0,1
2010,Bangladesh,771,8,5,1,3
2010,Brazil,140,2,4,0,1
2010,Central African Republic,482,43,148,104,2
2010,Chad,483,1,4,0,1
2010,Colombia,100,88,442,47,2
2010,DR Congo (Zaire),490,87,1088,801,2
2010,Egypt,651,1,1,0,1
2010,El Salvador,92,2,2,2,1
2010,Ethiopia,530,98,152,0,3
2010,Georgia,372,4,3,0,1
2010,Ghana,452,1,1,0,1
2010,Guinea,438,1,1,1,1
2010,Honduras,91,5,44,0,1
2010,India,750,780,1633,619,3
2010,Iran,630,12,101,31,2
2010,Iraq,645,367,1857,652,2
2010,Israel,666,42,75,13,2
2010,Ivory Coast,437,21,80,49,3
2010,Kenya,501,28,87,0,1
2010,Kyrgyzstan,703,25,44,5,1
2010,Mali,432,2,28,2,1
2010,Mauritania,435,1,1,0,1
2010,Mexico,70,2085,6215,95,2
2010,Mozambique,541,1,7,7,1
2010,Myanmar (Burma),775,50,185,30,2
2010,Nigeria,475,92,980,97,3
2010,Pakistan,770,962,7251,1000,3
2010,Peru,135,13,29,3,2
2010,Philippines,840,119,372,58,2
2010,Russia (Soviet Union),365,245,481,49,2
2010,Senegal,433,9,19,3,2
2010,Somalia,520,313,2722,419,3
2010,South Africa,560,1,1,1,1
2010,Sudan,625,94,1790,291,3
2010,Tajikistan,702,21,98,0,1
2010,Thailand,800,157,221,142,2
2010,Turkey,640,78,234,7,1
2010,Uganda,500,1,74,74,1
2010,United Arab Emirates,696,1,1,0,1
2010,United States of America,2,1,2,0,1
2010,Venezuela,101,44,23,23,1
2010,Yemen (North Yemen),678,63,201,3,2
2011,Afghanistan,700,2197,7563,1024,3
2011,Algeria,615,125,276,17,2
2011,Angola,540,2,1,0,1
2011,Azerbaijan,373,20,21,3,1
2011,Bahrain,692,24,26,26,1
2011,Bangladesh,771,1,0,0,1
2011,Brazil,140,4,34,1,1
2011,Burundi,516,6,4,2,2
2011,Cambodia (Kampuchea),811,3,10,2,1
2011,Central African Republic,482,23,195,90,3
2011,Colombia,100,60,227,27,2
2011,Congo,484,1,1,0,1
2011,DR Congo (Zaire),490,165,552,196,3
2011,Egypt,651,4,31,0,1
2011,Ethiopia,530,92,66,1,2
2011,Georgia,372,1,0,0,1
2011,Guatemala,90,4,36,36,1
2011,Guinea,438,1,25,0,1
2011,India,750,408,798,243,3
2011,Indonesia,850,4,9,2,2
2011,Iran,630,14,220,2,1
2011,Iraq,645,192,1365,411,2
2011,Israel,666,51,102,21,2
2011,Ivory Coast,437,158,1256,1067,3
2011,Kenya,501,26,144,9,3
2011,Lebanon,660,2,4,3,1
2011,Libya,620,235,3914,242,2
2011,Mali,432,4,23,4,2
2011,Mauritania,435,6,13,1,2
2011,Mexico,70,369,4945,279,2
2011,Morocco,600,1,17,17,1
2011,Myanmar (Burma),775,265,811,117,2
2011,Nigeria,475,254,1831,191,3
2011,Pakistan,770,613,3475,402,3
2011,Peru,135,11,15,3,2
2011,Philippines,840,149,414,50,3
2011,Russia (Soviet Union),365,241,396,50,2
2011,Rwanda,517,1,0,0,1
2011,Senegal,433,14,37,12,2
2011,Somalia,520,271,2118,366,3
2011,South Sudan,626,31,1194,34,2
2011,Sri Lanka,780,2,2,2,1
2011,Sudan,625,165,2567,729,3
2011,Syria,652,954,4347,3371,3
2011,Tajikistan,702,5,28,0,1
2011,Thailand,800,177,277,132,2
2011,Tunisia,616,2,8,0,1
2011,Turkey,640,114,410,53,1
2011,United Kingdom,200,1,1,0,1
2011,Venezuela,101,22,11,11,1
2011,Yemen (North Yemen),678,219,1430,167,3
2011,Zimbabwe (Rhodesia),552,1,1,1,1
2012,Afghanistan,700,2301,7783,908,3
2012,Algeria,615,124,264,23,2
2012,Armenia,371,5,9,0,1
2012,Azerbaijan,373,12,16,0,1
2012,Bangladesh,771,2,2,0,1
2012,Brazil,140,7,275,6,1
2012,Burundi,516,7,14,5,2
2012,Cambodia (Kampuchea),811,2,1,1,1
2012,Central African Republic,482,31,132,74,2
2012,Colombia,100,37,227,23,2
2012,Congo,484,2,2,0,1
2012,DR Congo (Zaire),490,156,1838,590,3
2012,Egypt,651,2,75,0,1
2012,Ethiopia,530,90,391,88,3
2012,France,220,1,4,4,1
2012,Gambia,420,1,1,1,1
2012,Guinea,438,4,9,9,1
2012,Honduras,91,4,18,0,1
2012,India,750,428,801,273,3
2012,Indonesia,850,1,1,1,1
2012,Iran,630,5,17,0,1
2012,Iraq,645,258,1407,824,2
2012,Israel,666,144,253,57,2
2012,Ivory Coast,437,5,21,19,2
2012,Kenya,501,71,309,34,3
2012,Lebanon,660,6,53,1,2
2012,Libya,620,19,378,0,2
2012,Madagascar (Malagasy),580,3,15,15,1
2012,Mali,432,43,359,24,3
2012,Mauritania,435,1,1,1,1
2012,Mexico,70,266,5966,71,2
2012,Mozambique,541,1,2,0,1
2012,Myanmar (Burma),775,77,971,114,3
2012,Niger,436,1,1,0,1
2012,Nigeria,475,409,2022,894,3
2012,Pakistan,770,651,3583,416,3
2012,Papua New Guinea,910,4,57,0,1
2012,Philippines,840,109,311,30,3
2012,Russia (Soviet Union),365,223,525,7,2
2012,Rwanda,517,4,13,2,1
2012,Senegal,433,10,23,4,2
2012,Somalia,520,446,2989,293,3
2012,South Sudan,626,59,864,92,3
2012,Sudan,625,115,1525,252,3
2012,Syria,652,11825,53699,23290,3
2012,Tanzania,510,1,1,1,1
2012,Thailand,800,141,244,134,2
2012,Tunisia,616,2,3,0,1
2012,Turkey,640,141,789,21,2
2012,Venezuela,101,29,33,9,2
2012,Yemen (North Yemen),678,253,2461,48,2
2012,Zimbabwe (Rhodesia),552,1,1,1,1
2013,Afghanistan,700,1926,8131,930,3
2013,Algeria,615,73,222,27,3
2013,Angola,540,1,2,0,1
2013,Armenia,371,1,1,0,1
2013,Azerbaijan,373,10,11,0,1
2013,Bangladesh,771,38,54,11,2
2013,Brazil,140,10,28,1,2
2013,Burundi,516,7,16,16,1
2013,Cameroon,471,1,1,1,1
2013,Central African Republic,482,186,3396,2559,3
2013,Colombia,100,22,140,4,1
2013,DR Congo (Zaire),490,161,2197,622,3
2013,Egypt,651,46,135,8,2
2013,Ethiopia,530,54,88,11,2
2013,Guinea,438,3,98,0,1
2013,Honduras,91,2,6,0,1
2013,India,750,346,702,198,3
2013,Indonesia,850,6,20,4,1
2013,Iran,630,4,11,0,1
2013,Iraq,645,503,4010,1416,3
2013,Israel,666,10,12,1,1
2013,Ivory Coast,437,2,4,4,1
2013,Kenya,501,49,267,77,3
2013,Lebanon,660,28,179,52,3
2013,Libya,620,18,36,0,2
2013,Malaysia,820,14,70,2,2
2013,Mali,432,83,881,58,3
2013,Mexico,70,191,4478,42,2
2013,Mozambique,541,18,45,6,2
2013,Myanmar (Burma),775,86,358,35,3
2013,Niger,436,6,31,1,1
2013,Nigeria,475,334,3391,864,3
2013,Pakistan,770,361,2914,878,3
2013,Peru,135,1,3,0,1
2013,Philippines,840,139,537,42,2
2013,Russia (Soviet Union),365,179,365,48,2
2013,Rwanda,517,3,4,1,2
2013,Senegal,433,4,8,3,1
2013,Somalia,520,383,1045,255,2
2013,South Sudan,626,99,1827,914,3
2013,Sri Lanka,780,1,5,5,1
2013,Sudan,625,141,1959,90,3
2013,Syria,652,18649,76500,23660,3
2013,Tajikistan,702,2,3,0,1
2013,Thailand,800,136,249,64,2
2013,Tunisia,616,8,29,0,1
2013,Turkey,640,9,75,55,3
2013,Venezuela,101,41,9,9,1
2013,Yemen (North Yemen),678,126,578,35,1
2014,Afghanistan,700,2119,12549,876,3
2014,Algeria,615,43,111,1,1
2014,Angola,540,6,0,0,1
2014,Azerbaijan,373,33,46,0,1
2014,Bangladesh,771,2,2,0,1
2014,Brazil,140,4,4,1,2
2014,Burundi,516,9,61,0,1
2014,Cameroon,471,51,1047,89,2
2014,Central African Republic,482,461,3493,2299,3
2014,Chad,483,3,16,6,2
2014,Colombia,100,48,157,18,2
2014,Djibouti,522,1,1,1,1
2014,DR Congo (Zaire),490,128,1624,571,3
2014,Egypt,651,45,249,2,2
2014,Ethiopia,530,27,139,9,3
2014,Honduras,91,3,21,0,1
2014,India,750,400,734,278,3
2014,Indonesia,850,4,12,0,1
2014,Iran,630,2,5,0,1
2014,Iraq,645,796,16437,3376,3
2014,Israel,666,919,2411,1369,2
2014,Kenya,501,85,344,140,3
2014,Lebanon,660,41,231,62,2
2014,Libya,620,109,1455,129,2
2014,Mali,432,30,291,3,3
2014,Mexico,70,183,3357,40,2
2014,Mozambique,541,13,33,3,2
2014,Myanmar (Burma),775,35,256,46,3
2014,Niger,436,2,5,0,1
2014,Nigeria,475,554,10346,5256,3
2014,Pakistan,770,433,3639,446,3
2014,Peru,135,8,14,8,2
2014,Philippines,840,149,484,33,2
2014,Russia (Soviet Union),365,76,176,3,2
2014,Somalia,520,406,1247,213,3
2014,South Sudan,626,125,2491,899,3
2014,Sudan,625,160,1912,269,3
2014,Syria,652,16696,78689,18066,3
2014,Tajikistan,702,2,3,2,1
2014,Tanzania,510,1,10,10,1
2014,Thailand,800,71,100,41,2
2014,Tunisia,616,22,51,2,1
2014,Turkey,640,8,11,0,1
2014,Uganda,500,1,7,7,1
2014,Ukraine,369,1303,4946,662,2
2014,Venezuela,101,42,49,49,1
2014,Yemen (North Yemen),678,281,2364,83,2
2015,Afghanistan,700,2266,18018,905,3
2015,Algeria,615,46,110,1,1
2015,Angola,540,2,1,0,1
2015,Armenia,371,8,16,12,2
2015,Azerbaijan,373,43,63,0,1
2015,Bangladesh,771,8,10,7,3
2015,Brazil,140,17,83,3,2
2015,Burundi,516,42,265,81,2
2015,Cameroon,471,62,1263,340,2
2015,Central African Republic,482,150,745,424,3
2015,Chad,483,29,397,119,3
2015,China,710,1,5,5,1
2015,Colombia,100,33,144,6,2
2015,Congo,484,1,0,0,1
2015,DR Congo (Zaire),490,124,737,501,3
2015,Egypt,651,60,991,233,2
2015,El Salvador,92,1,1,1,1
2015,Ethiopia,530,97,307,258,2
2015,France,220,2,133,130,2
2015,Guatemala,90,4,24,0,1
2015,Guinea,438,1,3,3,1
2015,Honduras,91,13,71,3,2
2015,India,750,321,622,115,2
2015,Indonesia,850,3,4,4,1
2015,Iran,630,8,25,0,1
2015,Iraq,645,687,11304,1937,3
2015,Israel,666,12,16,8,2
2015,Jordan,663,1,1,1,1
2015,Kenya,501,42,389,167,3
2015,Kuwait,690,1,26,26,1
2015,Kyrgyzstan,703,1,1,0,1
2015,Lebanon,660,19,200,0,2
2015,Libya,620,161,1594,275,3
2015,Mali,432,55,256,17,3
2015,Mexico,70,258,4527,31,2
2015,Myanmar (Burma),775,198,705,58,2
2015,Netherlands,210,1,0,0,1
2015,Niger,436,43,533,204,3
2015,Nigeria,475,505,9121,3789,3
2015,Pakistan,770,285,2454,325,3
2015,Peru,135,4,9,0,1
2015,Philippines,840,203,628,54,3
2015,Russia (Soviet Union),365,31,86,2,2
2015,Saudi Arabia,670,40,113,51,2
2015,Somalia,520,319,1254,168,3
2015,South Africa,560,1,0,0,1
2015,South Sudan,626,99,1137,449,3
2015,Sudan,625,365,2558,590,3
2015,Syria,652,11382,59609,15551,3
2015,Thailand,800,55,84,37,2
2015,Tunisia,616,26,137,61,2
2015,Turkey,640,232,1061,182,2
2015,Ukraine,369,871,1894,362,1
2015,United States of America,2,1,14,14,1
2015,Venezuela,101,30,32,32,1
2015,Yemen (North Yemen),678,605,8125,2298,3
2016,Afghanistan,700,2428,19025,1086,3
2016,Algeria,615,27,89,0,1
2016,Angola,540,18,26,1,2
2016,Armenia,371,1,4,0,1
2016,Azerbaijan,373,31,137,10,1
2016,Bangladesh,771,25,73,32,2
2016,Belgium,211,3,34,32,2
2016,Brazil,140,58,156,13,2
2016,Burkina Faso,439,2,26,1,1
2016,Burundi,516,75,93,85,2
2016,Cameroon,471,97,491,305,3
2016,Central African Republic,482,70,688,511,2
2016,Chad,483,7,26,5,3
2016,Colombia,100,101,85,50,2
2016,Congo,484,8,73,42,1
2016,DR Congo (Zaire),490,211,2194,737,3
2016,Egypt,651,40,404,38,3
2016,Eritrea,531,1,25,0,1
2016,Ethiopia,530,148,529,301,3
2016,France,220,2,87,87,1
2016,Germany,260,1,12,12,1
2016,Guatemala,90,1,2,2,1
2016,Honduras,91,2,10,0,1
2016,India,750,419,762,142,2
2016,Iran,630,25,69,1,1
2016,Iraq,645,726,12025,4489,2
2016,Israel,666,10,11,7,2
2016,Ivory Coast,437,2,49,16,2
2016,Jordan,663,5,37,3,2
2016,Kenya,501,48,130,36,3
2016,Lebanon,660,13,56,5,3
2016,Libya,620,184,2349,38,3
2016,Mali,432,53,198,35,3
2016,Mexico,70,187,4306,8,2
2016,Mozambique,541,31,68,16,2
2016,Myanmar (Burma),775,57,183,64,2
2016,Niger,436,18,299,25,2
2016,Nigeria,475,434,3949,652,3
2016,Pakistan,770,158,1100,384,2
2016,Paraguay,150,1,1,0,1
2016,Peru,135,2,11,3,2
2016,Philippines,840,168,616,63,2
2016,Russia (Soviet Union),365,29,78,1,2
2016,Rwanda,517,26,27,27,1
2016,Saudi Arabia,670,33,125,25,2
2016,Somalia,520,377,2073,318,3
2016,South Africa,560,3,3,0,2
2016,South Sudan,626,69,1303,354,3
2016,Sudan,625,250,1997,790,3
2016,Syria,652,9472,53891,14293,3
2016,Thailand,800,49,69,28,2
2016,Tunisia,616,15,88,11,1
2016,Turkey,640,234,1561,392,2
2016,Uganda,500,2,30,0,1
2016,Ukraine,369,514,699,35,1
2016,Venezuela,101,60,60,60,1
2016,Yemen (North Yemen),678,343,4027,854,3
2017,Afghanistan,700,2482,19784,1068,3
2017,Algeria,615,26,77,0,1
2017,Angola,540,24,26,1,2
2017,Azerbaijan,373,21,36,2,1
2017,Bangladesh,771,23,48,8,2
2017,Brazil,140,316,3062,23,2
2017,Burkina Faso,439,27,54,37,3
2017,Burundi,516,43,43,38,2
2017,Cameroon,471,138,410,232,3
2017,Central African Republic,482,222,1865,1003,3
2017,Chad,483,6,91,3,3
2017,China,710,2,6,0,1
2017,Colombia,100,155,107,74,3
2017,Congo,484,3,20,0,1
2017,DR Congo (Zaire),490,503,5975,1781,3
2017,Egypt,651,111,902,418,2
2017,El Salvador,92,1,1,1,1
2017,Ethiopia,530,41,488,173,3
2017,France,220,1,2,0,1
2017,Haiti,41,1,8,8,1
2017,India,750,400,847,225,3
2017,Indonesia,850,3,2,0,2
2017,Iran,630,12,58,18,1
2017,Iraq,645,609,11417,5479,2
2017,Israel,666,8,25,0,2
2017,Kenya,501,107,228,83,3
2017,Lebanon,660,20,297,5,2
2017,Libya,620,80,1096,62,3
2017,Madagascar (Malagasy),580,1,1,1,1
2017,Malaysia,820,1,1,0,1
2017,Mali,432,127,612,82,3
2017,Mexico,70,348,9725,32,2
2017,Mozambique,541,3,3,3,1
2017,Myanmar (Burma),775,88,2395,1884,2
2017,Niger,436,16,248,28,2
2017,Nigeria,475,507,3589,904,3
2017,Pakistan,770,163,960,425,3
2017,Peru,135,2,7,0,1
2017,Philippines,840,267,1713,110,2
2017,Russia (Soviet Union),365,28,53,0,1
2017,Rwanda,517,9,10,10,1
2017,Saudi Arabia,670,7,45,2,1
2017,Somalia,520,285,2071,257,3
2017,South Sudan,626,116,1271,358,3
2017,Spain,230,3,16,16,1
2017,Sri Lanka,780,1,1,1,1
2017,Sudan,625,63,548,72,3
2017,Sweden,380,1,5,5,1
2017,Syria,652,8071,38517,13290,3
2017,Tanzania,510,1,1,1,1
2017,Thailand,800,27,50,9,2
2017,Tunisia,616,10,15,0,1
2017,Turkey,640,65,462,53,2
2017,Uganda,500,1,0,0,1
2017,Ukraine,369,216,447,69,1
2017,United States of America,2,1,8,8,1
2017,Venezuela,101,94,76,76,1
2017,Yemen (North Yemen),678,397,3620,838,3
2018,Afghanistan,700,3724,26895,1859,3
2018,Algeria,615,10,35,2,2
2018,Angola,540,6,24,23,2
2018,Armenia,371,1,1,0,1
2018,Australia,900,2,2,1,2
2018,Azerbaijan,373,17,16,0,1
2018,Bangladesh,771,20,28,3,3
2018,Belgium,211,2,4,1,2
2018,Brazil,140,357,2662,31,2
2018,Burkina Faso,439,65,195,94,3
2018,Burundi,516,60,116,109,2
2018,Cameroon,471,253,1013,271,3
2018,Central African Republic,482,88,640,332,3
2018,Chad,483,12,168,28,2
2018,Colombia,100,170,253,121,3
2018,Djibouti,522,1,6,0,1
2018,DR Congo (Zaire),490,462,3147,790,3
2018,Egypt,651,86,692,21,2
2018,Ethiopia,530,63,713,248,3
2018,France,220,8,13,9,2
2018,Haiti,41,1,71,0,1
2018,Honduras,91,2,2,1,2
2018,India,750,480,952,179,3
2018,Indonesia,850,11,37,28,2
2018,Iran,630,18,92,2,2
2018,Iraq,645,268,1448,214,2
2018,Israel,666,49,75,17,2
2018,Kenya,501,69,164,38,3
2018,Lebanon,660,1,2,0,1
2018,Libya,620,123,670,81,3
2018,Mali,432,236,1281,584,3
2018,Mexico,70,714,11247,28,2
2018,Mozambique,541,48,171,120,2
2018,Myanmar (Burma),775,71,122,38,2
2018,Niger,436,25,181,77,3
2018,Nigeria,475,535,3243,581,3
2018,Pakistan,770,93,483,297,2
2018,Paraguay,150,1,1,1,1
2018,Philippines,840,123,436,23,2
2018,Russia (Soviet Union),365,21,38,6,2
2018,Rwanda,517,4,18,9,2
2018,Saudi Arabia,670,8,11,6,1
2018,Senegal,433,1,1,1,1
2018,Somalia,520,509,2507,283,3
2018,South Africa,560,3,12,1,2
2018,South Sudan,626,157,1229,436,3
2018,Sudan,625,101,432,97,3
2018,Syria,652,3557,21730,6484,3
2018,Tajikistan,702,3,56,4,2
2018,Tanzania,510,1,1,1,1
2018,Thailand,800,40,61,29,2
2018,Tunisia,616,13,25,1,2
2018,Turkey,640,181,461,9,2
2018,Uganda,500,2,2,2,1
2018,Ukraine,369,153,243,51,1
2018,United States of America,2,1,1,1,1
2018,Venezuela,101,91,94,94,1
2018,Yemen (North Yemen),678,387,4996,728,3
2018,Zimbabwe (Rhodesia),552,2,4,4,1
2019,Afghanistan,700,4682,30435,1759,3
2019,Algeria,615,9,15,1,2
2019,Angola,540,11,26,1,2
2019,Armenia,371,2,2,1,1
2019,Azerbaijan,373,10,9,1,1
2019,Bangladesh,771,3,3,0,2
2019,Benin,434,1,1,1,1
2019,Brazil,140,636,1731,68,2
2019,Burkina Faso,439,222,1246,896,3
2019,Burundi,516,51,75,59,2
2019,Cameroon,471,248,868,241,3
2019,Central African Republic,482,64,501,149,3
2019,Chad,483,23,253,46,3
2019,Colombia,100,109,219,79,3
2019,Congo,484,2,0,0,2
2019,DR Congo (Zaire),490,441,2529,1182,3
2019,Ecuador,130,1,2,0,1
2019,Egypt,651,120,664,75,2
2019,El Salvador,92,1,1,1,1
2019,Ethiopia,530,63,425,176,3
2019,Guinea,438,1,1,1,1
2019,Haiti,41,1,1,1,1
2019,Honduras,91,3,40,0,2
2019,India,750,354,734,160,2
2019,Indonesia,850,22,41,10,2
2019,Iran,630,89,313,254,2
2019,Iraq,645,281,960,185,2
2019,Israel,666,44,83,39,2
2019,Kenya,501,51,188,34,3
2019,Kingdom of eSwatini (Swaziland),572,3,1,1,1
2019,Liberia,450,1,1,0,1
2019,Libya,620,186,1786,289,3
2019,Madagascar (Malagasy),580,3,3,3,1
2019,Mali,432,199,1227,528,3
2019,Mauritania,435,1,1,1,1
2019,Mexico,70,1024,10486,32,2
2019,Mozambique,541,124,597,321,2
2019,Myanmar (Burma),775,148,587,84,2
2019,Niger,436,72,454,172,2
2019,Nigeria,475,524,2455,485,3
2019,Pakistan,770,99,293,94,3
2019,Papua New Guinea,910,3,30,0,1
2019,Peru,135,1,2,2,1
2019,Philippines,840,130,364,54,2
2019,Russia (Soviet Union),365,12,26,0,1
2019,Rwanda,517,1,19,0,1
2019,Saudi Arabia,670,7,6,1,2
2019,Somalia,520,426,2219,279,3
2019,South Africa,560,6,8,5,2
2019,South Sudan,626,68,642,150,3
2019,Sri Lanka,780,4,255,255,1
2019,Sudan,625,92,435,187,3
2019,Syria,652,2382,11208,2639,3
2019,Tajikistan,702,3,53,0,1
2019,Tanzania,510,3,8,8,1
2019,Thailand,800,27,60,13,2
2019,Togo,461,1,1,1,1
2019,Tunisia,616,9,20,1,1
2019,Turkey,640,144,311,32,3
2019,Uganda,500,2,2,2,1
2019,Ukraine,369,199,311,22,1
2019,United Kingdom,200,3,4,3,2
2019,United States of America,2,1,4,0,1
2019,Venezuela,101,76,83,83,1
2019,Yemen (North Yemen),678,304,2959,659,3
2019,Zimbabwe (Rhodesia),552,8,8,8,1
2020,Afghanistan,700,3317,20834,1647,3
2020,Algeria,615,17,28,0,1
2020,Angola,540,26,29,8,2
2020,Armenia,371,8,10,5,1
2020,Austria,305,1,4,4,1
2020,Azerbaijan,373,141,7636,142,1
2020,Bangladesh,771,5,5,4,2
2020,Benin,434,1,1,0,1
2020,Brazil,140,744,2670,75,2
2020,Burkina Faso,439,166,1167,565,3
2020,Burundi,516,78,145,85,2
2020,Cameroon,471,261,792,432,3
2020,Central African Republic,482,56,299,94,3
2020,Chad,483,26,249,29,3
2020,Colombia,100,144,196,154,3
2020,Congo,484,1,0,0,1
2020,DR Congo (Zaire),490,832,4008,2385,3
2020,Ecuador,130,1,11,0,1
2020,Egypt,651,124,547,63,2
2020,Ethiopia,530,263,24429,3209,3
2020,Guinea,438,3,49,0,1
2020,Haiti,41,48,166,164,1
2020,Honduras,91,1,1,0,1
2020,India,750,389,754,146,3
2020,Indonesia,850,24,35,7,2
2020,Iran,630,26,246,205,2
2020,Iraq,645,276,945,101,2
2020,Israel,666,5,8,2,2
2020,Ivory Coast,437,1,3,3,1
2020,Kenya,501,65,151,40,3
2020,Kingdom of eSwatini (Swaziland),572,2,2,2,1
2020,Lebanon,660,4,20,1,1
2020,Liberia,450,2,2,2,1
2020,Libya,620,131,690,135,3
2020,Madagascar (Malagasy),580,1,23,23,1
2020,Mali,432,234,1543,552,3
2020,Mauritania,435,1,0,0,1
2020,Mexico,70,2033,13431,117,2
2020,Morocco,600,1,2,0,1
2020,Mozambique,541,213,1627,808,2
2020,Myanmar (Burma),775,77,207,161,2
2020,Niger,436,68,820,293,2
2020,Nigeria,475,625,3079,581,3
2020,Pakistan,770,145,409,72,2
2020,Paraguay,150,1,1,1,1
2020,Peru,135,3,11,6,2
2020,Philippines,840,158,376,38,2
2020,Russia (Soviet Union),365,18,33,1,2
2020,Saudi Arabia,670,1,0,0,1
2020,Senegal,433,1,0,0,1
2020,Somalia,520,394,2120,266,3
2020,South Africa,560,18,29,6,2
2020,South Sudan,626,63,748,89,3
2020,Sudan,625,70,627,73,3
2020,Syria,652,1140,5690,729,3
2020,Tanzania,510,17,44,40,2
2020,Thailand,800,33,47,1,2
2020,Tunisia,616,5,12,1,1
2020,Turkey,640,116,226,15,2
2020,Ukraine,369,145,196,21,1
2020,Venezuela,101,4,5,4,1
2020,Yemen (North Yemen),678,657,6754,693,3
2020,Zimbabwe (Rhodesia),552,1,2,2,1
2021,Afghanistan,700,4512,36386,1750,3
2021,Algeria,615,6,18,5,1
2021,Angola,540,4,13,13,1
2021,Armenia,371,8,10,0,1
2021,Azerbaijan,373,18,30,12,1
2021,Bangladesh,771,3,2,1,2
2021,Benin,434,6,11,1,1
2021,Bolivia,145,1,1,0,1
2021,Brazil,140,843,2661,124,2
2021,Burkina Faso,439,191,1458,499,3
2021,Burundi,516,50,81,68,2
2021,Cameroon,471,278,827,267,3
2021,Central African Republic,482,167,1080,399,2
2021,Chad,483,13,667,22,3
2021,Colombia,100,160,291,136,3
2021,Djibouti,522,1,3,0,1
2021,DR Congo (Zaire),490,809,3723,2470,3
2021,Ecuador,130,8,291,0,1
2021,Egypt,651,64,124,27,2
2021,El Salvador,92,2,9,9,1
2021,Ethiopia,530,730,129516,5504,3
2021,Guatemala,90,1,1,1,1
2021,Guinea,438,1,1,0,1
2021,Haiti,41,25,140,102,2
2021,Honduras,91,4,10,5,2
2021,India,750,277,521,88,2
2021,Indonesia,850,42,68,22,2
2021,Iran,630,34,82,26,2
2021,Iraq,645,366,1014,220,2
2021,Israel,666,106,280,166,2
2021,Kenya,501,54,135,27,3
2021,Kingdom of eSwatini (Swaziland),572,11,48,48,1
2021,Kyrgyzstan,703,3,40,30,1
2021,Libya,620,7,12,0,2
2021,Mali,432,215,1287,269,3
2021,Mexico,70,3744,15119,141,2
2021,Morocco,600,7,6,3,1
2021,Mozambique,541,235,1918,1087,2
2021,Myanmar (Burma),775,857,1781,828,2
2021,Niger,436,78,1130,651,3
2021,Nigeria,475,515,3171,276,3
2021,Pakistan,770,191,452,52,3
2021,Papua New Guinea,910,4,38,0,1
2021,Paraguay,150,1,4,4,1
2021,Peru,135,3,20,2,1
2021,Philippines,840,143,310,28,2
2021,Russia (Soviet Union),365,2,2,0,1
2021,Rwanda,517,2,7,0,1
2021,Saudi Arabia,670,3,6,5,1
2021,Senegal,433,2,0,0,1
2021,Sierra Leone,451,1,1,1,1
2021,Somalia,520,390,2269,258,3
2021,South Africa,560,12,123,0,1
2021,South Sudan,626,55,891,51,3
2021,Sudan,625,77,862,126,3
2021,Syria,652,823,1948,408,3
2021,Tajikistan,702,5,16,8,1
2021,Tanzania,510,8,26,12,2
2021,Thailand,800,28,41,5,2
2021,Tunisia,616,9,18,5,1
2021,Turkey,640,82,132,1,2
2021,Uganda,500,12,23,7,2
2021,Ukraine,369,167,208,18,1
2021,Venezuela,101,10,20,11,3
2021,Yemen (North Yemen),678,768,23463,710,3
2022,Afghanistan,700,416,1574,726,2
2022,Algeria,615,3,14,0,1
2022,Angola,540,17,21,1,2
2022,Armenia,371,8,154,2,1
2022,Azerbaijan,373,9,154,3,1
2022,Bangladesh,771,9,13,9,2
2022,Benin,434,8,30,1,1
2022,Brazil,140,1514,1703,190,2
2022,Burkina Faso,439,237,2704,943,3
2022,Burundi,516,42,48,38,2
2022,Cameroon,471,225,667,290,3
2022,Central African Republic,482,105,773,340,2
2022,Chad,483,12,114,17,3
2022,Colombia,100,172,360,173,3
2022,Congo,484,2,3,3,1
2022,DR Congo (Zaire),490,1199,5967,3709,3
2022,Ecuador,130,11,118,0,2
2022,Egypt,651,68,236,13,2
2022,El Salvador,92,68,88,0,1
2022,Eritrea,531,4,4,0,1
2022,Ethiopia,530,879,165025,2442,3
2022,Ghana,452,5,16,0,1
2022,Guatemala,90,3,13,1,2
2022,Haiti,41,65,236,125,2
2022,Honduras,91,3,6,5,2
2022,India,750,266,393,83,3
2022,Indonesia,850,33,64,43,2
2022,Iran,630,158,251,231,2
2022,Iraq,645,371,1027,55,2
2022,Israel,666,45,98,23,2
2022,Kenya,501,31,101,41,3
2022,Kingdom of eSwatini (Swaziland),572,2,2,2,1
2022,Kyrgyzstan,703,32,68,10,2
2022,Libya,620,7,13,0,2
2022,Mali,432,409,3656,1804,3
2022,Mexico,70,2179,12555,159,2
2022,Morocco,600,4,14,3,1
2022,Mozambique,541,268,717,347,3
2022,Myanmar (Burma),775,1549,2761,1235,3
2022,Nepal,790,1,1,1,1
2022,Niger,436,73,664,111,3
2022,Nigeria,475,471,2917,418,3
2022,Pakistan,770,284,719,110,2
2022,Papua New Guinea,910,16,109,5,2
2022,Peru,135,3,14,0,2
2022,Philippines,840,128,247,11,2
2022,Poland,290,1,2,2,1
2022,Russia (Soviet Union),365,32,67,26,1
2022,Rwanda,517,3,8,3,2
2022,Somalia,520,338,3115,197,3
2022,South Africa,560,4,4,0,1
2022,South Sudan,626,35,728,279,3
2022,Sudan,625,110,1407,96,3
2022,Syria,652,793,1671,316,3
2022,Tajikistan,702,26,87,34,1
2022,Tanzania,510,3,4,2,2
2022,Thailand,800,26,36,9,2
2022,Togo,461,8,62,35,2
2022,Tunisia,616,1,3,0,1
2022,Turkey,640,65,107,4,3
2022,Uganda,500,6,25,1,1
2022,Ukraine,369,7429,92615,19248,2
2022,United Arab Emirates,696,1,3,3,1
2022,United States of America,2,1,1,0,1
2022,Venezuela,101,23,39,28,3
2022,Yemen (North Yemen),678,455,3220,793,3
2023,Afghanistan,700,176,360,129,2
2023,Algeria,615,1,1,0,1
2023,Angola,540,1,0,0,1
2023,Armenia,371,10,20,0,1
2023,Azerbaijan,373,11,442,31,1
2023,Bangladesh,771,11,12,7,2
2023,Belgium,211,1,2,2,1
2023,Benin,434,20,46,27,2
2023,Bolivia,145,1,1,0,1
2023,Brazil,140,2159,2481,275,2
2023,Burkina Faso,439,599,6122,1586,3
2023,Burundi,516,39,125,61,2
2023,Cameroon,471,294,638,299,3
2023,Central African Republic,482,86,423,109,3
2023,Chad,483,11,112,9,3
2023,China,710,1,1,1,1
2023,Colombia,100,413,534,285,3
2023,DR Congo (Zaire),490,828,3936,3014,3
2023,Ecuador,130,454,540,40,1
2023,Egypt,651,4,6,5,2
2023,Ethiopia,530,579,2346,647,3
2023,France,220,42,48,6,2
2023,Georgia,372,1,1,1,1
2023,Ghana,452,9,15,1,1
2023,Guatemala,90,2,10,4,2
2023,Haiti,41,49,454,334,2
2023,Honduras,91,27,105,3,2
2023,India,750,217,406,91,3
2023,Indonesia,850,39,94,45,2
2023,Iran,630,13,43,7,2
2023,Iraq,645,242,498,35,2
2023,Israel,666,1200,27434,17869,2
2023,Kenya,501,57,224,28,2
2023,Kingdom of eSwatini (Swaziland),572,2,3,3,1
2023,Lebanon,660,39,123,21,1
2023,Libya,620,1,2,0,1
2023,Mali,432,320,2118,759,3
2023,Mauritania,435,2,6,0,1
2023,Mexico,70,2748,10899,94,2
2023,Morocco,600,2,5,0,1
2023,Mozambique,541,100,271,75,3
2023,Myanmar (Burma),775,2085,3065,1736,2
2023,Niger,436,97,513,165,3
2023,Nigeria,475,626,3971,388,3
2023,Pakistan,770,382,1178,149,3
2023,Papua New Guinea,910,1,1,1,1
2023,Peru,135,2,12,0,1
2023,Philippines,840,117,269,22,2
2023,Russia (Soviet Union),365,87,204,84,1
2023,Saudi Arabia,670,3,9,0,1
2023,Somalia,520,247,4216,137,3
2023,South Africa,560,5,5,2,2
2023,South Sudan,626,10,224,38,3
2023,Spain,230,1,2,0,1
2023,Sudan,625,375,7837,3134,3
2023,Syria,652,1006,2187,455,3
2023,Thailand,800,25,31,1,2
2023,Togo,461,20,76,53,2
2023,Tunisia,616,1,3,0,1
2023,Turkey,640,58,108,2,2
2023,Uganda,500,12,79,57,2
2023,Ukraine,369,10181,75393,2596,2
2023,Venezuela,101,15,16,12,1
2023,Yemen (North Yemen),678,319,931,300,3
2024,Afghanistan,700,179,353,163,2
2024,Algeria,615,1,3,0,1
2024,Angola,540,10,25,2,2
2024,Bangladesh,771,54,374,17,3
2024,Benin,434,29,85,12,2
2024,Brazil,140,1461,1635,143,2
2024,Burkina Faso,439,307,4251,2170,3
2024,Burundi,516,49,70,59,2
2024,Cameroon,471,193,421,185,3
2024,Central African Republic,482,92,485,315,3
2024,Chad,483,24,195,16,3
2024,Colombia,100,397,664,232,3
2024,DR Congo (Zaire),490,783,5409,4295,3
2024,Ecuador,130,238,328,14,1
2024,Ethiopia,530,866,4072,1367,3
2024,France,220,3,3,0,1
2024,Gambia,420,1,1,1,1
2024,Germany,260,1,3,3,1
2024,Ghana,452,3,7,0,1
2024,Guatemala,90,17,29,21,2
2024,Haiti,41,116,1294,957,3
2024,Honduras,91,13,5,3,2
2024,India,750,234,552,100,3
2024,Indonesia,850,61,77,27,2
2024,Iran,630,33,222,101,2
2024,Iraq,645,268,409,27,2
2024,Israel,666,3092,21476,10386,2
2024,Jordan,663,1,3,0,1
2024,Kenya,501,30,112,26,3
2024,Lebanon,660,1114,4339,1026,1
2024,Liberia,450,1,1,1,1
2024,Libya,620,1,2,0,1
2024,Mali,432,447,1901,759,3
2024,Mauritania,435,1,3,3,1
2024,Mexico,70,2683,11022,196,2
2024,Morocco,600,2,7,0,1
2024,Mozambique,541,185,522,343,3
2024,Myanmar (Burma),775,1096,2896,2417,2
2024,Niger,436,85,1222,286,3
2024,Nigeria,475,490,3170,525,3
2024,Pakistan,770,687,1885,205,3
2024,Papua New Guinea,910,8,135,31,2
2024,Philippines,840,81,204,8,2
2024,Russia (Soviet Union),365,730,7819,419,2
2024,Rwanda,517,2,1,0,2
2024,Somalia,520,174,2514,458,3
2024,South Africa,560,2,2,2,1
2024,South Sudan,626,15,697,43,3
2024,Sudan,625,705,7103,4268,3
2024,Syria,652,1107,3616,721,3
2024,Tanzania,510,5,6,6,1
2024,Thailand,800,32,40,8,2
2024,Togo,461,15,68,36,2
2024,Turkey,640,28,43,7,2
2024,Uganda,500,1,1,1,1
2024,Ukraine,369,10369,68116,2366,2
2024,Venezuela,101,10,12,12,1
2024,Yemen (North Yemen),678,184,990,159,3
